{
  "type": "minecraft:crafting_shaped",
  "category": "equipment",
  "pattern": [
    "ggg",
    "ili",
    "l l"
  ],
  "key": {
    "g": "minecraft:gold_ingot",
    "i": "minecraft:iron_ingot",
    "l": "minecraft:leather"
  },
  "result": {
    "id": "minecraft:poisonous_potato",
    "count": 1,
    "components": {
      "!minecraft:consumable": {},
      "minecraft:max_stack_size": 1,
      "minecraft:item_name": {"translate":"jbt:hardhat","fallback":"Hardhat"},
      "minecraft:item_model": "jbt:hardhat_new",
      "minecraft:custom_data": {"smithed":{"ignore":{"functionality":true,"crafting":true}}},
      "minecraft:equippable": {
        "slot": "head"
      },
      "minecraft:attribute_modifiers": [
        {
          "type": "minecraft:block_interaction_range",
          "id": "jbt_hardhat_reach",
          "amount": 2,
          "operation": "add_value",
          "slot": "head"
        }
      ]
    }
  }
}